-- MariaDB dump 10.19-11.1.0-MariaDB, for Win64 (AMD64)
--
-- Host: localhost    Database: hp_db
-- ------------------------------------------------------
-- Server version	11.1.0-MariaDB

/*!40101 SET @OLD_CHARACTER_SET_CLIENT=@@CHARACTER_SET_CLIENT */;
/*!40101 SET @OLD_CHARACTER_SET_RESULTS=@@CHARACTER_SET_RESULTS */;
/*!40101 SET @OLD_COLLATION_CONNECTION=@@COLLATION_CONNECTION */;
/*!40101 SET NAMES utf8mb4 */;
/*!40103 SET @OLD_TIME_ZONE=@@TIME_ZONE */;
/*!40103 SET TIME_ZONE='+00:00' */;
/*!40014 SET @OLD_UNIQUE_CHECKS=@@UNIQUE_CHECKS, UNIQUE_CHECKS=0 */;
/*!40014 SET @OLD_FOREIGN_KEY_CHECKS=@@FOREIGN_KEY_CHECKS, FOREIGN_KEY_CHECKS=0 */;
/*!40101 SET @OLD_SQL_MODE=@@SQL_MODE, SQL_MODE='NO_AUTO_VALUE_ON_ZERO' */;
/*!40111 SET @OLD_SQL_NOTES=@@SQL_NOTES, SQL_NOTES=0 */;

--
-- Table structure for table `blind`
--

DROP TABLE IF EXISTS `blind`;
/*!40101 SET @saved_cs_client     = @@character_set_client */;
/*!40101 SET character_set_client = utf8 */;
CREATE TABLE `blind` (
  `num` int(11) NOT NULL AUTO_INCREMENT,
  `myid` varchar(50) DEFAULT NULL,
  `yourid` varchar(50) DEFAULT NULL,
  PRIMARY KEY (`num`) USING BTREE,
  KEY `FK_blind_member` (`myid`),
  KEY `FK_blind_member_2` (`yourid`),
  CONSTRAINT `FK_blind_member` FOREIGN KEY (`myid`) REFERENCES `member` (`id`) ON DELETE CASCADE ON UPDATE CASCADE,
  CONSTRAINT `FK_blind_member_2` FOREIGN KEY (`yourid`) REFERENCES `member` (`id`) ON DELETE CASCADE ON UPDATE CASCADE
) ENGINE=InnoDB AUTO_INCREMENT=19 DEFAULT CHARSET=utf8mb4 COLLATE=utf8mb4_general_ci;
/*!40101 SET character_set_client = @saved_cs_client */;

--
-- Dumping data for table `blind`
--

LOCK TABLES `blind` WRITE;
/*!40000 ALTER TABLE `blind` DISABLE KEYS */;
INSERT INTO `blind` VALUES
(17,'dooza1110','sungjune0915');
/*!40000 ALTER TABLE `blind` ENABLE KEYS */;
UNLOCK TABLES;

--
-- Table structure for table `food`
--

DROP TABLE IF EXISTS `food`;
/*!40101 SET @saved_cs_client     = @@character_set_client */;
/*!40101 SET character_set_client = utf8 */;
CREATE TABLE `food` (
  `num` int(11) NOT NULL AUTO_INCREMENT,
  `like_num` int(11) DEFAULT NULL,
  `count` int(11) DEFAULT NULL,
  `star_num` float DEFAULT NULL,
  `name` varchar(30) DEFAULT NULL,
  `branch` varchar(50) DEFAULT NULL,
  `time` varchar(30) DEFAULT NULL,
  `restday` varchar(50) DEFAULT NULL,
  `tnum` varchar(30) DEFAULT NULL,
  `type` varchar(30) DEFAULT NULL,
  `parking` varchar(50) DEFAULT NULL,
  `regist_day` varchar(20) DEFAULT NULL,
  `lat` double DEFAULT NULL,
  `lng` double DEFAULT NULL,
  `image` varchar(100) DEFAULT '그림01.jpg',
  `area_do` varchar(50) DEFAULT NULL,
  `area_si` varchar(50) DEFAULT NULL,
  `restaurant_introduction` varchar(500) DEFAULT NULL,
  PRIMARY KEY (`num`)
) ENGINE=InnoDB AUTO_INCREMENT=81 DEFAULT CHARSET=utf8mb4 COLLATE=utf8mb4_general_ci;
/*!40101 SET character_set_client = @saved_cs_client */;

--
-- Dumping data for table `food`
--

LOCK TABLES `food` WRITE;
/*!40000 ALTER TABLE `food` DISABLE KEYS */;
INSERT INTO `food` VALUES
(4,6,83,3.6,'천원국수',NULL,'10:00 ~ 21:00',NULL,'041-532-0969','분식','(NULL)','2023-05-15 20:55',36.77333720280432,126.93326611666484,'천원국수1.jpg','충청남도','아산시',NULL),
(5,5,67,3.6,'맘스터치','죽전점','10:00 ~ 22:00',NULL,'031-898-2002','햄버거',NULL,'2023-05-15 20:55',37.32282972712402,127.12415958419274,'맘터1.jpg','경기도','용인시',NULL),
(7,3,59,3.1,'돼지고기 김치찌개',NULL,'08:00 ~ 21:00',NULL,'041-533-3292','백반',NULL,'2023-05-15 20:55',36.772031616551075,126.9353122576501,'돼김1.jpg','충청남도','아산시',NULL),
(10,2,33,3.9,'둥글레식당',NULL,'16:30 ~ 22:00',NULL,'041-541-6827','고기',NULL,'2023-05-15 20:55',36.775738434029684,126.99866864225824,'둥글레식당1.jpg','충청남도','아산시',NULL),
(20,0,10,4,'망향비빔국수',NULL,'10:00 ~ 21:00',NULL,'031-531-2507','국수',NULL,'2023-05-15 20:55',38.02383345811701,127.10935682433711,'망향비빔1.jpeg','경기도','연천군',NULL),
(21,2,25,5,'정다운연탄구이',NULL,'16:00 ~ 23:00',NULL,'041-541-0799','고기',NULL,'2023-05-15 20:55',36.76316823325171,126.88578360490756,'정다운1.jpg','충청남도','아산시',NULL),
(22,1,21,4.3,'메밀레',NULL,'11:00 ~ 21:00',NULL,'031-282-5005','국수',NULL,'2023-05-15 20:55',37.281305244547724,127.1045472351361,'메밀래1.jpg','경기도','용인시',NULL),
(23,5,10,3.5,'석기정','광교점','11:00 ~ 22:00',NULL,'031-265-8535','부대찌개',NULL,'2023-05-15 20:55',37.2950544480338,127.05657919739376,'석기정1.jpg','경기도','수원시',NULL),
(24,3,2,0,'행복한돈가스','','10:30 ~ 20:00','정기휴무 (매주 일요일)','041-543-3102','돈까스','없음','2023-10-31 18:50',36.7731,126.9342,'그림01.jpg','충청남도','아산시','감사합니다.'),
(25,1,1,4.5,'버거운버거','아산순천향대점','10:00 ~ 22:00','','0507-1470-9286','햄버거','없음','2023-10-31 19:06',36.773425,126.933067,'그림01.jpg','충청남도','아산시','버거, 베이크, 치킨 전문점 버거운버거입니다! 항상 고객님께 맛있고 가성비있는 제품으로 다가갈 수 있도록 노력하겠습니다!'),
(26,0,1,3.5,'얌샘김밥','아산순천향대점','09:00 ~ 21:00','','041-544-3399','분식','없음','2023-11-01 6:19',36.7736,126.9328,'yam.jpg','충청남도','아산시',''),
(27,0,0,0,'콩불파삼','','10:00 ~ 22:00','','','한식','없음','2023-11-01 6:24',36.7736,126.9327,'kongbul.jpeg','충청남도','아산시',''),
(28,3,7,4.1,'밀플랜비','순천향대점','10:30 ~ 21:00','','0507-1434-7556','핫도그','없음','2023-11-01 6:30',36.7736,126.9323,'그림01.jpg','충청남도','아산시','부리또&핫도그 맛집!!\n순천향대학교에 소문난 맛집!!\n한번도 안먹어본 사람은 있어도 한번만 먹어본 사람은 없다!!\n신정호수 4km 차량으로 7분거리!!\n도고온천 4km 차량으로 7분거리!!\n포장&배달가능!!'),
(29,1,3,4.3,'단보라멘','순천향대점','10:00 ~ 21:00','','041-533-2872','일본식라면','없음','2023-11-01 6:35',36.7738,126.9324,'그림01.jpg','충청남도','아산시','일본식 라멘,덮밥,카레,튀김을 판매하고 있습니다.'),
(30,1,1,3.5,'맘스터치','순천향대점','10:00 ~ 23:00','','041-542-4626','햄버거','없음','2023-11-01 6:39',36.7736,126.9332,'그림01.jpg','충청남도','아산시',''),
(31,0,1,0,'춘천명동닭갈비','','11:00 ~ 23:00','정기휴무 (매달 1,3번째 토요일)','041-541-4883','닭갈비','있음','2023-11-01 6:42',36.774,126.933,'닭갈비.jpg','충청남도','아산시',''),
(32,0,0,0,'은화수식당','순천향대점','10:00 ~ 21:00','','041-531-5211','돈까스','있음','2023-11-01 6:44',36.774,126.9329,'그림01.jpg','충청남도','아산시',''),
(33,0,0,0,'썬오브비앤피','','10:00 ~ 02:00','','041-533-4666','피자','있음','2023-11-01 6:46',36.7741,126.9328,'그림01.jpg','충청남도','아산시','패스트푸드 & 호프 썬오브비앤피 입니다.\n햄버거, 피자, 치킨, 파스타, 호프 다양한 메뉴를 취향에 따라 즐기실 수 있습니다.\n많은 방문 부탁드립니다.\n단체 주문 및 단체회식 환영합니다.'),
(34,1,2,5,'롯데리아','순천향대점','10:30 ~ 23:00','','0507-1379-2700','햄버거','있음','2023-11-01 6:51',36.7743,126.9327,'그림01.jpg','충청남도','아산시','안녕하세요 롯데리아 순천향점입니다.\n한번방문해주세요\n그리고 주문하시면 신속배달하도록 하겠습니다'),
(35,1,2,5,'짱닭치킨','순천향대점','12:00 ~ 02:00','','041-531-5558','치킨, 닭강정','있음','2023-11-01 6:54',36.7748,126.9329,'그림01.jpg','충청남도','아산시',''),
(36,0,0,0,'순천지','','10:30 ~ 02:00','','041-541-1390','한식','있음','2023-11-01 6:57',36.775,126.933,'그림01.jpg','충청남도','아산시','순천지를 찾아주셔서 감사합니다.'),
(37,1,1,5,'바베이드치킨','','','','','치킨, 닭강정','있음','2023-11-01 6:59',36.7746,126.9331,'그림01.jpg','충청남도','아산시',''),
(38,0,0,0,'진시왕','','','정기휴무 (매주 일요일)','041-534-5135','중식당','없음','2023-11-01 7:00',36.7736,126.9339,'그림01.jpg','충청남도','아산시',''),
(39,0,1,0,'그리니데이','순천향대점','09:00 ~ 21:00','','070-8657-0114','다이어트, 샐러드','있음','2023-11-01 7:02',36.7733,126.9339,'그림01.jpg','충청남도','아산시','항상 맛있고 건강한 음식으로 고객님들께 받은 사랑 보답하겠습니다 S2'),
(40,0,0,0,'신전떡볶이','순천향대점','11:00 ~ 22:50','','041-547-0053','분식','있음','2023-11-01 7:05',36.7733,126.9341,'그림01.jpg','충청남도','아산시','안녕하세요 신창 떡볶이 맛집 신전떡볶이입니다.\n언제나 정성을 다하는 신전떡볶이가 되겠습니다.'),
(41,0,1,0,'이삭토스트','순천향대점','09:00 ~ 22:00','','041-910-0607','토스트','있음','2023-11-01 7:08',36.7731,126.9342,'그림01.jpg','충청남도','아산시','이삭토스트 충남 아산순천향대점'),
(42,0,0,0,'마라취웨이','','11:00 ~ 22:00','정기휴무 (매주 토요일)','','중식당','있음','2023-11-01 7:10',36.7728,126.9345,'그림01.jpg','충청남도','아산시',''),
(43,0,0,0,'토마토도시락','순천향대점','10:00 ~ 21:00','','041-545-1235','도시락, 컵밥','있음','2023-11-01 7:15',36.7727,126.9345,'그림01.jpg','충청남도','아산시','먹방 유튜버들이 극찬한 도시락 맛집!'),
(44,2,2,3.5,'59쌀피자','순천향대점','','','041-549-5969','피자','있음','2023-11-01 7:17',36.7726,126.9346,'그림01.jpg','충청남도','아산시',''),
(45,0,1,0.5,'밀터칼국수','','10:30 ~ 20:00','정기휴무 (매주 금요일)','041-532-1897','칼국수, 만두','있음','2023-11-01 7:21',36.7718,126.9354,'그림01.jpg','충청남도','아산시',''),
(46,0,1,0,'피자나라치킨공주','아산순천향대점','13:00 ~ 01:00','','041-549-9227','피자','없음','2023-11-01 7:24',36.7736,126.9343,'그림01.jpg','충청남도','아산시','전국 약 500개의 가맹점, 20년 전통의 피자나라치킨공주입니다.'),
(47,0,0,0,'중국집','','10:30 ~ 20:00','','0507-1342-2237','중식당','있음','2023-11-01 7:28',36.7741,126.9335,'그림01.jpg','충청남도','아산시',''),
(48,0,0,0,'배부장찌개','순천향대점','11:00 ~ 24:00','','041-532-9796','찌개, 전골','있음','2023-11-01 7:30',36.7742,126.9336,'그림01.jpg','충청남도','아산시',''),
(49,0,0,0,'신창족발','','16:00 ~ 24:00','','0507-1318-1779','족발, 보쌈','있음','2023-11-01 7:32',36.7742,126.9336,'그림01.jpg','충청남도','아산시',''),
(50,0,1,5,'꼴두바우','','17:00 ~ 23:00','정기휴무 (매주 토요일)','041-546-5557','곱창, 막창','없음','2023-11-01 7:35',36.774,126.9338,'그림01.jpg','충청남도','아산시',''),
(51,0,0,0,'떡볶이슈퍼','','10:00 ~ 20:30','정기휴무 (매주 일요일)','041-542-9261','분식','없음','2023-11-01 7:36',36.7741,126.9338,'그림01.jpg','충청남도','아산시','떡볶이와 덮밥이 맛있는 신창맛집^^'),
(52,0,0,0,'지푸라기','','11:00 ~ 24:00','','041-543-9514','찌개, 전골','없음','2023-11-01 7:40',36.7742,126.9338,'그림01.jpg','충청남도','아산시',''),
(53,0,0,0,'한솥도시락','순천향대점','09:00 ~ 19:30','정기휴무 (매주 일요일)','041-542-2085','도시락, 컵밥','없음','2023-11-01 7:42',36.7743,126.9338,'그림01.jpg','충청남도','아산시',''),
(54,0,0,0,'순천향대학교국밥','','','','041-543-1988','한식','없음','2023-11-01 7:45',36.7746,126.9339,'그림01.jpg','충청남도','아산시',''),
(55,0,0,0,'궁중화로','','10:00 ~ 22:00','','0507-1330-8592','육류, 고기요리','있음','2023-11-01 7:46',36.7752,126.9338,'그림01.jpg','충청남도','아산시','안녕하세요. 언제나 정성을 다하는 궁중화로입니다.'),
(56,0,0,0,'최고당돈가스','아산순천향대점','10:30 ~ 20:00','정기휴무 (매주 토요일)','041-532-1550','돈까스','없음','2023-11-01 7:49',36.7752,126.9341,'그림01.jpg','충청남도','아산시','고객님 반갑습니다. <최고당돈가스 순천향대점>입니다.'),
(57,1,7,4.5,'열두시식당','','10:30 ~ 21:00','정기휴무 (매주 토요일)','010-3683-7555','카레','없음','2023-11-01 7:52',36.7753,126.9341,'그림01.jpg','충청남도','아산시','아산에서 유명한 카레집!! 순천향대학교 카레집!!'),
(58,0,0,0,'온유','','10:30 ~ 21:00','정기휴무 (매주 일요일)','010-8342-6889','일식당','있음','2023-11-01 19:38',36.7755,126.9342,'그림01.jpg','충청남도','아산시','따뜻하고 온화한 분위기의 가정식 일식당 온유 입니다.'),
(59,0,0,0,'계경','','10:00 ~ 21:00','정기휴무 (매주 일요일)','041-541-1444','한식','있음','2023-11-02 19:42',36.7757,126.9337,'그림01.jpg','충청남도','아산시',''),
(60,0,4,4,'노랑통닭','순천향대점','15:00 ~ 01:30','정기휴무 (매주 월요일)','041-543-4330','치킨, 닭강정','있음','2023-11-03 19:45',36.7759,126.9338,'그림01.jpg','충청남도','아산시',''),
(61,1,1,3,'북한강쭈꾸미','','11:30 ~ 21:30','정기휴무 (매주 월요일)','041-534-9500','쭈꾸미요리','있음','2023-11-03 19:52',36.7614,126.967,'그림01.jpg','충청남도','아산시','기존의 쭈꾸미 맛과는 달리 훈제 향과 매콤달콤 맛이 일품입니다. 입맛 없는 분에게 입맛을 돋구워드립니다.'),
(62,0,0,0,'원시쪽갈비','철산점','16:00 ~ 01:00','','02-2686-3177','육류, 고기요리','있음','2023-11-04 22:22',37.4741,126.869,'그림01.jpg','경기도','광명시',''),
(63,0,0,0,'니뽕내뽕','광명철산점','11:30 ~ 21:00','','0507-1493-2848','중식당','있음','2023-11-04 22:28',37.4747,126.8687,'그림01.jpg','경기도','광명시',''),
(64,0,0,0,'길동우동','철산점','','','02-2613-1230','우동, 소바','있음','2023-11-04 22:30',37.4748,126.8686,'그림01.jpg','경기도','광명시','우동, 김밥, 국수, 돈까스, 비빔밥, 떡볶이, 튀김 등 식사류부터 분식류까지 모두 다~ 있는 길동우동 입니다!^^'),
(65,0,1,3.5,'명동찌개마을','철산점','00:00 ~ 24:00','','070-1111-1112','찌개, 전골','있음','2023-11-04 22:33',37.4748,126.8685,'그림01.jpg','경기도','광명시','양푼찌개전문 명동찌개마을!'),
(66,0,0,0,'하남돼지집','광명철산점','11:00 ~ 04:00','','0507-1431-3429','돼지고기구이','있음','2023-11-04 22:35',37.4747,126.8683,'그림01.jpg','경기도','광명시','안녕하세요 하남돼지집 광명철산점입니다!'),
(67,0,0,0,'백년회관 서서갈비','철산점','11:00 ~ 22:30','','0507-1463-7821','육류, 고기요리','있음','2023-11-04 22:37',37.4747,126.8683,'그림01.jpg','경기도','광명시','안녕하세요. 백년회관 서서갈비 철산점입니다.'),
(68,0,0,0,'신전떡볶이','광명철산점','','','02-2683-7877','분식','없음','2023-11-04 22:39',37.4747,126.868,'그림01.jpg','경기도','광명시',''),
(69,0,0,0,'김태완스시','','11:00 ~ 22:00','','02-2682-6678','초밥, 롤','있음','2023-11-04 22:41',37.4746,126.8677,'그림01.jpg','경기도','광명시','내 가족이 먹을 수 있게 정성을 다하는 김태완스시입니다. 새벽에 공수한 신선한 재료로 손님들을 찾아갑니다!!'),
(70,0,0,0,'맛찬들왕소금구이','광명2호점','11:00 ~ 23:00','','02-2689-2234','육류, 고기요리','있음','2023-11-04 22:44',37.4745,126.8675,'그림01.jpg','경기도','광명시','1. 식사시간은 예약시간부터 2시간입니다.\n2. 예약시간에 인원이 3분의2 이상 한꺼번에 오셔야 입장 가능합니다.'),
(71,0,0,0,'돌삼닭','철산점','10:30 ~ 01:00','','0507-1342-2604','돼지고기구이','있음','2023-11-04 22:46',37.4749,126.8679,'그림01.jpg','경기도','광명시','우리 돌삼닭 철산점은 항상 손님에게 친절과 맛으로 답하는 가게입니다.'),
(72,0,0,0,'놀부부대찌개','철산역점','','','02-2616-2840','찌개, 전골','있음','2023-11-04 22:48',37.4753,126.8678,'그림01.jpg','경기도','광명시',''),
(73,0,0,0,'등촌샤브칼국수','광명점','11:30 ~ 22:00','','02-2066-7330','칼국수, 만두','없음','2023-11-04 22:55',37.4755,126.8677,'그림01.jpg','경기도','광명시',''),
(74,0,0,0,'라라코스트','철산점','11:00 ~ 21:30','','0507-1385-3230','패밀리레스토랑','있음','2023-11-04 22:56',37.4755,126.8676,'그림01.jpg','경기도','광명시','Welcome everybody! 행복한 식사 시간을 선물하는 패밀리 레스토랑 라라코스트입니다.'),
(75,0,0,0,'솥고집','철산점','00:00 ~ 24:00','','0507-1367-4266','육류, 고기요리','없음','2023-11-04 22:59',37.4747,126.868,'그림01.jpg','경기도','광명시','바른(正) 생각과, 바른(正) 고집으로 정성을 다하여 대접하는 \'솥고집\'입니다.'),
(76,1,5,0,'싸다돼지마을','','11:30 ~ 23:00','','02-2625-1598','돼지고기구이','없음','2023-11-04 23:03',37.4753,126.868,'그림01.jpg','경기도','광명시',''),
(77,0,0,0,'맥도날드','광명철산역점','00:00 ~ 24:00','','02-6279-5600','햄버거','없음','2023-11-04 23:05',37.4754,126.8686,'그림01.jpg','경기도','광명시',''),
(78,0,0,0,'오징어청춘','철산점','16:00 ~ 05:00','','02-2625-9500','오징어요리','있음','2023-11-04 23:09',37.4751,126.8684,'그림01.jpg','경기도','광명시',''),
(79,0,0,0,'본가갈비','','00:00 ~ 24:00','','02-2681-3983','육류, 고기요리','있음','2023-11-04 23:11',37.475,126.8685,'그림01.jpg','경기도','광명시',''),
(80,0,0,0,'은행골','철산점','11:00 ~ 22:00','','0507-1486-4990','초밥, 롤','없음','2023-11-04 23:16',37.4748,126.8677,'그림01.jpg','경기도','광명시','초밥참치전문점입니다. 단체석도 마련되어 있습니다.');
/*!40000 ALTER TABLE `food` ENABLE KEYS */;
UNLOCK TABLES;
/*!50003 SET @saved_cs_client      = @@character_set_client */ ;
/*!50003 SET @saved_cs_results     = @@character_set_results */ ;
/*!50003 SET @saved_col_connection = @@collation_connection */ ;
/*!50003 SET character_set_client  = utf8mb4 */ ;
/*!50003 SET character_set_results = utf8mb4 */ ;
/*!50003 SET collation_connection  = utf8mb4_general_ci */ ;
/*!50003 SET @saved_sql_mode       = @@sql_mode */ ;
/*!50003 SET sql_mode              = 'STRICT_TRANS_TABLES,ERROR_FOR_DIVISION_BY_ZERO,NO_AUTO_CREATE_USER,NO_ENGINE_SUBSTITUTION' */ ;
DELIMITER ;;
/*!50003 CREATE*/ /*!50017 DEFINER=`root`@`localhost`*/ /*!50003 TRIGGER after_food_insert
AFTER INSERT ON food
FOR EACH ROW
BEGIN
    INSERT INTO inquery (twenty_m, thirty_m, fourty_m, fifty_m, twenty_f, thirty_f, fourty_f, fifty_f, food_num)
    VALUES (0, 0, 0, 0, 0, 0, 0, 0, NEW.num);
END */;;
DELIMITER ;
/*!50003 SET sql_mode              = @saved_sql_mode */ ;
/*!50003 SET character_set_client  = @saved_cs_client */ ;
/*!50003 SET character_set_results = @saved_cs_results */ ;
/*!50003 SET collation_connection  = @saved_col_connection */ ;

--
-- Table structure for table `food_img`
--

DROP TABLE IF EXISTS `food_img`;
/*!40101 SET @saved_cs_client     = @@character_set_client */;
/*!40101 SET character_set_client = utf8 */;
CREATE TABLE `food_img` (
  `num` int(11) NOT NULL AUTO_INCREMENT,
  `db_filename` varchar(100) NOT NULL,
  `fdnum` int(10) DEFAULT NULL,
  PRIMARY KEY (`num`),
  KEY `FK_food_img_food` (`fdnum`),
  CONSTRAINT `FK_food_img_food` FOREIGN KEY (`fdnum`) REFERENCES `food` (`num`) ON DELETE CASCADE ON UPDATE CASCADE
) ENGINE=InnoDB AUTO_INCREMENT=35 DEFAULT CHARSET=utf8mb4 COLLATE=utf8mb4_general_ci;
/*!40101 SET character_set_client = @saved_cs_client */;

--
-- Dumping data for table `food_img`
--

LOCK TABLES `food_img` WRITE;
/*!40000 ALTER TABLE `food_img` DISABLE KEYS */;
INSERT INTO `food_img` VALUES
(1,'천원국수1.jpg',4),
(2,'천원국수2.jpg',4),
(3,'천원국수3.png',4),
(4,'망향비빔1.jpeg',20),
(5,'망향비빔2.jpg',20),
(6,'망향비빔3.jpg',20),
(7,'둥글레식당1.jpg',10),
(8,'둥글레식당2.jpg',10),
(9,'둥글레식당3.jpg',10),
(10,'맘터1.jpg',5),
(11,'맘터2.jpg',5),
(12,'맘터3.jpg',5),
(13,'돼김1.jpg',7),
(14,'돼김2.jpg',7),
(15,'돼김3.jpg',7),
(16,'돼김4.jpg',7),
(17,'망향비빔4.jpg',20),
(18,'정다운1.jpg',21),
(19,'정다운2.jpg',21),
(20,'정다운3.jpg',21),
(21,'정다운4.jpg',21),
(22,'둥글레식당4.jpg',10),
(23,'맘터4.jpg',5),
(24,'천원국수4.jpg',4),
(25,'메밀래1.jpg',22),
(26,'메밀래2.jpg',22),
(27,'메밀래3.jpg',22),
(28,'메밀래4.jpg',22),
(29,'석기정1.jpg',23),
(30,'석기정2.jpg',23),
(31,'석기정3.jpg',23),
(32,'석기정4.jpg',23),
(33,'돼김5.jpg',7),
(34,'돼김6.jpg',7);
/*!40000 ALTER TABLE `food_img` ENABLE KEYS */;
UNLOCK TABLES;

--
-- Table structure for table `food_menu`
--

DROP TABLE IF EXISTS `food_menu`;
/*!40101 SET @saved_cs_client     = @@character_set_client */;
/*!40101 SET character_set_client = utf8 */;
CREATE TABLE `food_menu` (
  `num` int(11) NOT NULL AUTO_INCREMENT,
  `menu` varchar(100) NOT NULL,
  `price` int(20) NOT NULL,
  `fdnum` int(10) DEFAULT NULL,
  PRIMARY KEY (`num`),
  KEY `FK_food_menu_food` (`fdnum`),
  CONSTRAINT `FK_food_menu_food` FOREIGN KEY (`fdnum`) REFERENCES `food` (`num`) ON DELETE CASCADE ON UPDATE CASCADE
) ENGINE=InnoDB AUTO_INCREMENT=274 DEFAULT CHARSET=utf8mb4 COLLATE=utf8mb4_general_ci;
/*!40101 SET character_set_client = @saved_cs_client */;

--
-- Dumping data for table `food_menu`
--

LOCK TABLES `food_menu` WRITE;
/*!40000 ALTER TABLE `food_menu` DISABLE KEYS */;
INSERT INTO `food_menu` VALUES
(1,'멸치국수',1000,4),
(2,'비빔국수',4000,4),
(3,'참치마요컵밥',4500,4),
(4,'떡볶이',4000,4),
(5,'순대',4000,4),
(6,'비빔국수',6000,20),
(7,'잔치국수',6000,20),
(8,'곱빼기',7000,20),
(9,'아기국수',2000,20),
(10,'만두',3000,20),
(11,'삼겹살(1인분)',14000,10),
(12,'아라비아따 치즈버거(단품)',6800,5),
(13,'오리지널 미트볼버거(단품)',5900,5),
(14,'청양마요 미트볼버거(단품)',5900,5),
(15,'야채통통 치킨버거(단품)',5900,5),
(16,'딥치즈 싸이버거(단품)',4800,5),
(17,'돼지고기 김치찌개',7000,7),
(18,'차돌 된장찌개',7000,7),
(19,'부대찌개',7000,7),
(20,'제육볶음한판',14000,7),
(21,'닭볶음탕',7000,7),
(22,'통갈매기살',14000,21),
(23,'통가브리살',14000,21),
(24,'목삼겹살',14000,21),
(25,'양념갈비',14000,21),
(26,'돼지껍데기',8000,21),
(27,'메정식',16000,22),
(28,'밀정식',16000,22),
(29,'래정식',16000,22),
(30,'짬뽕순두부',9000,22),
(31,'접시수육',25000,22),
(32,'부대찌개',8000,23),
(33,'곱창부대찌개',9000,23),
(34,'전복부대찌개',13000,23),
(35,'제육정식(2인이상)',11000,23),
(36,'전복제육정식(2인이상)',15000,23),
(37,'생등심가스',8500,24),
(38,'흰살생선가스',9000,24),
(39,'고구마치즈돈가스',9500,24),
(40,'치킨안심가스',8500,24),
(41,'치즈돈가스',9500,24),
(42,'생안심돈가스',9000,24),
(43,'피자돈가스',9500,24),
(44,'통왕새우가스',9500,24),
(45,'제육볶음, 밥+돈가스',10000,24),
(46,'카레, 밥+돈가스',10000,24),
(47,'오징어볶음, 밥+돈가스',10000,24),
(48,'뚝배기불고기, 밥+돈가스',11000,24),
(49,'새우볶음밥+돈가스',10000,24),
(50,'햄야채볶음밥+돈가스',10000,24),
(51,'치킨데리볶음밥+돈가스',10000,24),
(52,'한입강정 SET(1인분)',9800,25),
(53,'버거운치킨버거 세트',6800,25),
(54,'한입버거운시그니쳐버거 세트',10200,25),
(55,'달콤비프치즈베이크 세트',7800,25),
(56,'후라이드 치킨(반마리)',9900,25),
(57,'한입치즈베이크 SET',10600,25),
(58,'떡볶이',5000,26),
(59,'참치샐러드김밥',4800,26),
(60,'돈까스김밥',5300,26),
(61,'모다기',9500,26),
(62,'생등심돈까스',9000,26),
(63,'돈까스김치오므라이스',10000,26),
(64,'콩나물불고기',8000,27),
(65,'콩나물닭고기',8000,27),
(66,'파절이 삼겹살',9000,27),
(67,'물냉면',7000,27),
(68,'브리또_치킨감자',5500,28),
(69,'브리또_치킨라이스',5500,28),
(70,'브리또_소고기라이스',5500,28),
(71,'브리또_소고기감자',5500,28),
(72,'돈코츠라멘',8000,29),
(73,'미소라멘',8000,29),
(74,'쇼유라멘',8000,29),
(75,'시오버터라멘',8000,29),
(76,'츠케멘',9000,29),
(77,'부타동',7500,29),
(78,'규동',7500,29),
(79,'싸이플렉스버거',7700,30),
(80,'아라비아따치즈버거',7100,30),
(81,'인크레더블버거',5700,30),
(82,'싸이버거',4600,30),
(83,'닭야채볶음밥',5000,31),
(84,'멘치카츠카레',9000,32),
(85,'고구마매콤이돈가스',10500,32),
(86,'은화수정식',11000,32),
(87,'멘치카츠',9500,32),
(88,'빠상치(크림/순살/매콤BEST)',26000,33),
(89,'썬마요치킨 BEST',19000,33),
(90,'치즈(자이언트 size)',28900,33),
(91,'리치골드(R)',13900,33),
(92,'썬치버거(세트)',6500,33),
(93,'불고기베이컨 세트',7900,34),
(94,'더블 한우불고기세트',14200,34),
(95,'순살풀팩',16800,34),
(96,'순살하프팩',9800,34),
(97,'크리스피치킨 뼈닭/순살',9500,35),
(98,'양념치킨 뼈닭/순살',11000,35),
(99,'매운간장치킨 뼈닭/순살',11000,35),
(100,'불닭치킨 뼈닭/순살',11000,35),
(101,'파닭치킨 뼈닭/순살',13000,35),
(102,'양파닭 뼈닭/순살',13000,35),
(103,'마늘간창치킨 뼈닭/순살',12000,35),
(104,'순살닭찌그리',9000,36),
(105,'돼지,카레,섞어 찌그리',9000,36),
(106,'자장면',3000,38),
(107,'짬뽕',3500,38),
(108,'포크큐브 샐러드',8900,39),
(109,'닭다리살스테이크 도시락',8900,39),
(110,'소불고기&할라피뇨 현미랩',6900,39),
(111,'닭가슴살샌드위치',6900,39),
(112,'로제프리미엄떡볶이(2~3인분)',12000,40),
(113,'떡볶이',3500,40),
(114,'치즈떡볶이',5500,40),
(115,'스팸마요컵밥',4000,40),
(116,'감자 스페셜',4400,41),
(117,'딥치즈 더블감자',4800,41),
(118,'불고기 스페셜',4900,41),
(119,'더블치즈 불고기',4900,41),
(120,'New1.인용마.꿔세트',19000,42),
(121,'HOT 셀프 마라탕(1~2인분)',10000,42),
(122,'HOT 셀프 마라탕(2~3인분)',15000,42),
(123,'HOT 셀프 마라탕(3~4인분)',20000,42),
(124,'진수성찬 도시락(세트(4종반찬))',11500,43),
(125,'진수성찬 도시락(세트(케이준 감자튀김 + 음료))',11500,43),
(126,'진수성찬 도시락(단품)',8500,43),
(127,'삼겹매콤와퍼(세트(4종반찬))',10000,43),
(128,'꽃피자[L]',21900,44),
(129,'반미터 시그니처피자',30000,44),
(130,'반반피자[L]',18900,44),
(131,'오굿박스1[R]',22900,44),
(132,'칼국수',8500,45),
(133,'녹두해물전',15000,45),
(134,'미니족볶음',20000,45),
(135,'도토리전병',6500,45),
(136,'순살화이트어니언 피치세트(M)',24900,46),
(137,'순살화이트어니언 피치세트(L)',27900,46),
(138,'순살화이트어니언 피치세트(치즈크러스트 M)',27400,46),
(139,'순살화이트어니언 피치세트(치즈크러스트 L)',31400,46),
(140,'삼선짬뽕',10000,47),
(141,'매콤쟁반짜장(2인)',18000,47),
(142,'짜장면',5000,47),
(143,'짬뽕',7000,47),
(144,'돼지짜글이 (2인이상 주문가능)',7500,48),
(145,'김치찌개 (2인이상 주문가능)',7500,48),
(146,'동태탕 (2인이상 주문가능)',8500,48),
(147,'국물닭볶음탕',24000,48),
(148,'오늘 삶은 국내산 족발',38000,49),
(149,'두가지 맛 반반 족발',42000,49),
(150,'족발 & 보쌈 세트',55000,49),
(151,'족발 & 보쌈 세트',45000,49),
(152,'막창',9900,50),
(153,'삼겹살(1인분)',9900,50),
(154,'가브리살',12900,50),
(155,'껍데기',7900,50),
(156,'가래떡떡볶이 세트A',14500,51),
(157,'문방구 밀떡볶이 세트B',14500,51),
(158,'끝장 가래떡떡볶이(가래떡+오뎅)(1인분)',4500,51),
(159,'로제 떡볶이(1인분)',5000,51),
(160,'순대곱창전골 2인',17000,52),
(161,'낙지볶음',18000,52),
(162,'순대곱창철판 2인',19000,52),
(163,'쭈꾸미볶음',18000,52),
(164,'동백',6000,53),
(165,'진달래',7800,53),
(166,'새치 고기고기',7000,53),
(167,'돈까스도련님',4800,53),
(168,'육회비빔밥',11000,55),
(169,'한우생등심',42000,55),
(170,'생갈비',30000,55),
(171,'돼지갈비',18000,55),
(172,'생등심돈가스 파 우동세트',12400,56),
(173,'생등심돈가스얼큰파우동세트',12900,56),
(174,'생등심돈가스 불냉면세트',12900,56),
(175,'수제 안심가스 세트메뉴',13900,56),
(176,'브라운 카레',6000,57),
(177,'브라운 카레 우동',6500,57),
(178,'코코넛 크림 카레',7000,57),
(179,'코코넛 크림 카레 우동',7500,57),
(180,'규카츠',15500,58),
(181,'스테이크 화로구이',14500,58),
(182,'스테이크동',12900,58),
(183,'등심+안심가츠',12500,58),
(184,'부대찌개',8000,59),
(185,'콩불',7500,59),
(186,'칼국수',7500,59),
(187,'소불고기 전골',8000,59),
(188,'삼겹살 2인분',23000,59),
(189,'삼겹살 3,4인분',43500,59),
(190,'칼칼한 청양 치킨 레귤러(순살)',19000,60),
(191,'칼칼한 청양 치킨 (뼈/순살)',21000,60),
(192,'뿌리노랑 치킨(콤보/순살)',21000,60),
(193,'뿌리노랑 치킨 레귤러(순살)',19000,60),
(194,'알싸한 마늘치킨(순살)',21000,60),
(195,'왕새우튀김',10000,61),
(196,'도토리묵무침',10000,61),
(197,'쭈꾸미볶음',13000,61),
(198,'혼밥쭈꾸미볶음',14000,61),
(199,'간장양념쪽갈비(400g)',15000,62),
(200,'매운쪽갈비',15000,62),
(201,'튤립닭발',16000,62),
(202,'쫄뽕',9500,63),
(203,'마라볶음밥',11900,63),
(204,'맵짜장',9500,63),
(205,'고기짜장',9500,63),
(206,'콘치즈크뽕',11900,63),
(207,'치킨까스',8500,64),
(208,'길동우동',6000,64),
(209,'어묵우동',7500,64),
(210,'얼큰우동',7000,64),
(211,'양푼돼지 김치찌개 1인분',9000,65),
(212,'양푼 동태탕 중',24000,65),
(213,'양푼 동태탕 대',32000,65),
(214,'닭한마리 김치찌개',27000,65),
(215,'특별한판(640g)',76000,66),
(216,'모듬한판(600g)',52000,66),
(217,'한돈 생삼겹살',18000,66),
(218,'한돈 특목살',18000,66),
(219,'서서갈비 1대',21000,67),
(220,'한돈돼지갈비 230g',12000,67),
(221,'한돈생삼겹살 150g',12000,67),
(222,'서서갈비 한판 600g',61000,67),
(223,'떡볶이',3500,68),
(224,'튀김오뎅(5개)',1700,68),
(225,'김말이(3개)',1700,68),
(226,'치즈스틱(3개)',2000,68),
(227,'스페셜초밥(12ps)',21000,69),
(228,'모듬회(미)2ps x 12종류(2인)',48000,69),
(229,'후토마끼(5ps)',14000,69),
(230,'오마카세스시 11ps (시그니처 메뉴)(11ps)',25000,69),
(231,'14일숙성삼겹살(200g)',18000,70),
(232,'14일숙성 목살(200g)',18000,70),
(233,'오겹살(200g)',19000,70),
(234,'돌판삼겹살',16000,71),
(235,'치즈닭갈비',16000,71),
(236,'미나리 삼겹살',19000,71),
(237,'문어 한마리',32000,71),
(238,'놀부보쌈(2인)',33000,72),
(239,'놀부보쌈(3인)',44000,72),
(240,'직화족발세트 (오리지널)(중)',42000,72),
(241,'직화족발세트 (오리지널)(대)',48000,72),
(242,'버섯칼국수',9000,73),
(243,'샤브소고기',9000,73),
(244,'들깨칼국수',9000,73),
(245,'야채',3000,73),
(246,'봉골레 파스타',8500,74),
(247,'까르보나라',11900,74),
(248,'불고기 필라프',10500,74),
(249,'포크 스테이크',13900,74),
(250,'솥고집삼겹구이',15900,75),
(251,'솥뚜껑김치삼겹',15900,75),
(252,'솥뚜껑 차돌박이',18900,75),
(253,'생고기두루치기',11000,75),
(254,'고추장 불고기 150g',8000,76),
(255,'오징어불고기 150g',9000,76),
(256,'콩불',9000,76),
(257,'생삼겹 200g',16000,76),
(258,'빅맥 세트',6900,77),
(259,'맥스파이시 상하이 버거 세트',6900,77),
(260,'1955 버거 세트',7800,77),
(261,'불고기 버거 세트',4900,77),
(262,'오징어회',18000,78),
(263,'산오징어회',23000,78),
(264,'산오징어통찜',27000,78),
(265,'산낙지',22000,78),
(266,'생등심',52000,79),
(267,'한우모듬',59000,79),
(268,'소왕갈비',43000,79),
(269,'돼지갈비',17000,79),
(270,'특진초밥',22000,80),
(271,'점심특선',10000,80),
(272,'철산초밥',15000,80),
(273,'특미초밥',12000,80);
/*!40000 ALTER TABLE `food_menu` ENABLE KEYS */;
UNLOCK TABLES;

--
-- Table structure for table `hate_review`
--

DROP TABLE IF EXISTS `hate_review`;
/*!40101 SET @saved_cs_client     = @@character_set_client */;
/*!40101 SET character_set_client = utf8 */;
CREATE TABLE `hate_review` (
  `num` int(11) NOT NULL AUTO_INCREMENT,
  `userid` varchar(15) DEFAULT NULL,
  `renum` int(11) DEFAULT 0,
  `hate_id` varchar(15) DEFAULT NULL,
  PRIMARY KEY (`num`),
  KEY `FK_hate_review_member` (`userid`),
  KEY `FK_hate_review_review` (`renum`),
  KEY `FK_hate_review_member_2` (`hate_id`),
  CONSTRAINT `FK_hate_review_member` FOREIGN KEY (`userid`) REFERENCES `member` (`id`) ON DELETE CASCADE ON UPDATE CASCADE,
  CONSTRAINT `FK_hate_review_member_2` FOREIGN KEY (`hate_id`) REFERENCES `member` (`id`) ON DELETE CASCADE ON UPDATE CASCADE,
  CONSTRAINT `FK_hate_review_review` FOREIGN KEY (`renum`) REFERENCES `review` (`num`) ON DELETE CASCADE ON UPDATE CASCADE
) ENGINE=InnoDB AUTO_INCREMENT=23 DEFAULT CHARSET=utf8mb4 COLLATE=utf8mb4_general_ci;
/*!40101 SET character_set_client = @saved_cs_client */;

--
-- Dumping data for table `hate_review`
--

LOCK TABLES `hate_review` WRITE;
/*!40000 ALTER TABLE `hate_review` DISABLE KEYS */;
INSERT INTO `hate_review` VALUES
(16,'aaa',71,'aaa'),
(18,'sungjune0915',72,'sungjune0915'),
(19,'sungjune0915',73,'sungjune0915'),
(20,'admin',83,'admin'),
(21,'admin',84,'sungjune0915'),
(22,'aaa',114,'aaa');
/*!40000 ALTER TABLE `hate_review` ENABLE KEYS */;
UNLOCK TABLES;

--
-- Table structure for table `image`
--

DROP TABLE IF EXISTS `image`;
/*!40101 SET @saved_cs_client     = @@character_set_client */;
/*!40101 SET character_set_client = utf8 */;
CREATE TABLE `image` (
  `num` int(11) NOT NULL AUTO_INCREMENT,
  `db_filename` varchar(100) DEFAULT NULL,
  `id` int(11) DEFAULT NULL,
  `userid` varchar(15) DEFAULT NULL,
  `renum` int(11) DEFAULT NULL,
  PRIMARY KEY (`num`),
  KEY `FK_image_member` (`userid`),
  KEY `FK_image_food` (`id`),
  KEY `FK_image_review` (`renum`),
  CONSTRAINT `FK_image_food` FOREIGN KEY (`id`) REFERENCES `food` (`num`) ON DELETE CASCADE ON UPDATE CASCADE,
  CONSTRAINT `FK_image_member` FOREIGN KEY (`userid`) REFERENCES `member` (`id`) ON DELETE CASCADE ON UPDATE CASCADE,
  CONSTRAINT `FK_image_review` FOREIGN KEY (`renum`) REFERENCES `review` (`num`) ON DELETE CASCADE ON UPDATE CASCADE
) ENGINE=InnoDB AUTO_INCREMENT=205 DEFAULT CHARSET=utf8mb4 COLLATE=utf8mb4_general_ci;
/*!40101 SET character_set_client = @saved_cs_client */;

--
-- Dumping data for table `image`
--

LOCK TABLES `image` WRITE;
/*!40000 ALTER TABLE `image` DISABLE KEYS */;
INSERT INTO `image` VALUES
(116,'hz05150342444.jpg',22,'admin',68),
(118,'mr05210832107.jpg',22,'aaa',71),
(125,'gj06020819544.jpg',10,'admin',83),
(126,'ty06031220103.jpg',5,'sungjune0915',91),
(127,'ze06031220101.jpg',5,'sungjune0915',91),
(141,'jz06040338109.jpg',7,'sungjune0915',101),
(142,'ql06040338102.jpg',7,'sungjune0915',101),
(143,'zw06040338108.jpg',7,'sungjune0915',101),
(144,'uq06040339201.jpg',7,'sungjune0915',102),
(145,'dr06040339204.jpg',7,'sungjune0915',102),
(147,'ci06040341373.jpg',7,'sungjune0915',104),
(148,'sn06040341375.jpg',7,'sungjune0915',104),
(149,'ps06040348196.jpg',7,'sungjune0915',105),
(158,'jh06051055588.jpg',5,'admin',113),
(159,'ot06051055581.jpg',5,'admin',113),
(161,'pi11021022497.png',4,'aaa',114),
(162,'sa11021030493.png',4,'aaa',114),
(166,'vw11080236131.png',4,'aaa',116),
(167,'vv11080236138.png',4,'aaa',116),
(168,'rx11080236498.png',4,'aaa',117),
(169,'rf11080241439.png',4,'aaa',118),
(171,'gy11091201148.png',10,'aaa',119),
(173,'tv11100948304.png',60,'aaa',121),
(185,'yt11100135439.png',62,'aaa',62),
(192,'hm11130537543.png',4,'megummy',145),
(195,'ih11130544262.png',62,'aaa',62),
(201,'qc11130552055.png',70,'aaa',70),
(203,'tn11180729137.png',71,'aaa',71),
(204,'vv11221039026.jpg',28,'aaa',151);
/*!40000 ALTER TABLE `image` ENABLE KEYS */;
UNLOCK TABLES;

--
-- Table structure for table `inquery`
--

DROP TABLE IF EXISTS `inquery`;
/*!40101 SET @saved_cs_client     = @@character_set_client */;
/*!40101 SET character_set_client = utf8 */;
CREATE TABLE `inquery` (
  `num` int(11) NOT NULL AUTO_INCREMENT,
  `twenty_m` int(11) DEFAULT 0,
  `thirty_m` int(11) DEFAULT 0,
  `fourty_m` int(11) DEFAULT 0,
  `fifty_m` int(11) DEFAULT 0,
  `twenty_f` int(11) DEFAULT 0,
  `thirty_f` int(11) DEFAULT 0,
  `fourty_f` int(11) DEFAULT 0,
  `fifty_f` int(11) DEFAULT 0,
  `food_num` int(11) DEFAULT NULL,
  PRIMARY KEY (`num`),
  KEY `FK_inquery_food` (`food_num`),
  CONSTRAINT `FK_inquery_food` FOREIGN KEY (`food_num`) REFERENCES `food` (`num`) ON DELETE CASCADE ON UPDATE CASCADE
) ENGINE=InnoDB AUTO_INCREMENT=91 DEFAULT CHARSET=utf8mb4 COLLATE=utf8mb4_general_ci;
/*!40101 SET character_set_client = @saved_cs_client */;

--
-- Dumping data for table `inquery`
--

LOCK TABLES `inquery` WRITE;
/*!40000 ALTER TABLE `inquery` DISABLE KEYS */;
INSERT INTO `inquery` VALUES
(1,28,6,7,8,13,4,6,3,4),
(2,7,9,8,0,3,2,1,0,5),
(3,7,11,9,0,2,2,3,6,7),
(4,13,3,2,1,2,3,4,10,10),
(5,7,5,2,4,1,3,2,2,20),
(6,4,2,3,4,5,6,7,9,21),
(7,12,7,6,5,4,3,2,1,22),
(8,4,3,3,4,4,2,1,1,23),
(34,1,0,0,0,1,0,0,0,24),
(35,1,0,0,0,0,0,0,0,25),
(36,1,0,0,0,0,0,0,0,26),
(37,0,0,0,0,0,0,0,0,27),
(38,5,0,0,0,2,0,0,0,28),
(39,0,1,0,0,2,0,0,0,29),
(40,0,1,0,0,0,0,0,0,30),
(41,0,1,0,0,0,0,0,0,31),
(42,0,0,0,0,0,0,0,0,32),
(43,0,0,0,0,0,0,0,0,33),
(44,2,0,0,0,0,0,0,0,34),
(45,2,0,0,0,0,0,0,0,35),
(46,0,0,0,0,0,0,0,0,36),
(47,1,0,0,0,0,0,0,0,37),
(48,0,0,0,0,0,0,0,0,38),
(49,0,0,0,0,1,0,0,0,39),
(50,0,0,0,0,0,0,0,0,40),
(51,0,0,0,0,1,0,0,0,41),
(52,0,0,0,0,0,0,0,0,42),
(53,0,0,0,0,0,0,0,0,43),
(54,0,0,0,0,2,0,0,0,44),
(55,0,0,0,0,1,0,0,0,45),
(56,0,0,0,0,1,0,0,0,46),
(57,0,0,0,0,0,0,0,0,47),
(58,0,0,0,0,0,0,0,0,48),
(59,0,0,0,0,0,0,0,0,49),
(60,0,0,0,0,1,0,0,0,50),
(61,0,0,0,0,0,0,0,0,51),
(62,0,0,0,0,0,0,0,0,52),
(63,0,0,0,0,0,0,0,0,53),
(64,0,0,0,0,0,0,0,0,54),
(65,0,0,0,0,0,0,0,0,55),
(66,0,0,0,0,0,0,0,0,56),
(67,0,0,0,0,4,0,0,0,57),
(68,0,0,0,0,0,0,0,0,58),
(69,0,0,0,0,0,0,0,0,59),
(70,3,0,0,0,0,0,0,0,60),
(71,0,0,0,0,1,0,0,0,61),
(72,0,0,0,0,0,0,0,0,62),
(73,0,0,0,0,0,0,0,0,63),
(74,0,0,0,0,0,0,0,0,64),
(75,1,0,0,0,0,0,0,0,65),
(76,0,0,0,0,0,0,0,0,66),
(77,0,0,0,0,0,0,0,0,67),
(78,0,0,0,0,0,0,0,0,68),
(79,0,0,0,0,0,0,0,0,69),
(80,0,0,0,0,0,0,0,0,70),
(81,0,0,0,0,0,0,0,0,71),
(82,0,0,0,0,0,0,0,0,72),
(83,0,0,0,0,0,0,0,0,73),
(84,0,0,0,0,0,0,0,0,74),
(85,0,0,0,0,0,0,0,0,75),
(86,3,0,0,0,2,0,0,0,76),
(87,0,0,0,0,0,0,0,0,77),
(88,0,0,0,0,0,0,0,0,78),
(89,0,0,0,0,0,0,0,0,79),
(90,0,0,0,0,0,0,0,0,80);
/*!40000 ALTER TABLE `inquery` ENABLE KEYS */;
UNLOCK TABLES;

--
-- Table structure for table `like_board`
--

DROP TABLE IF EXISTS `like_board`;
/*!40101 SET @saved_cs_client     = @@character_set_client */;
/*!40101 SET character_set_client = utf8 */;
CREATE TABLE `like_board` (
  `num` int(11) NOT NULL AUTO_INCREMENT,
  `id` varchar(15) NOT NULL,
  `food_id` int(11) NOT NULL,
  `regist_day` varchar(20) DEFAULT NULL,
  PRIMARY KEY (`num`),
  KEY `FK_like_board_member` (`id`),
  KEY `FK_like_board_food` (`food_id`),
  CONSTRAINT `FK_like_board_food` FOREIGN KEY (`food_id`) REFERENCES `food` (`num`) ON DELETE CASCADE ON UPDATE CASCADE,
  CONSTRAINT `FK_like_board_member` FOREIGN KEY (`id`) REFERENCES `member` (`id`) ON DELETE CASCADE ON UPDATE CASCADE
) ENGINE=InnoDB AUTO_INCREMENT=238 DEFAULT CHARSET=utf8mb4 COLLATE=utf8mb4_general_ci;
/*!40101 SET character_set_client = @saved_cs_client */;

--
-- Dumping data for table `like_board`
--

LOCK TABLES `like_board` WRITE;
/*!40000 ALTER TABLE `like_board` DISABLE KEYS */;
INSERT INTO `like_board` VALUES
(13,'aaa',21,'2023-05-19 09:42'),
(14,'admin',7,'2023-05-19 09:42'),
(15,'admin',21,'2023-05-19 09:56'),
(16,'admin',5,'2023-05-20 17:22'),
(19,'admin',23,'2023-05-20 17:31'),
(20,'aaa',22,'2023-05-21 08:46'),
(21,'sungjune0915',23,'2023-05-21 14:18'),
(23,'sungjune0915',10,'2023-06-02 09:48'),
(172,'aaa',5,'2023-09-24 14:54'),
(192,'aaa',4,NULL),
(219,'bbb',28,'2023-11-13 03:09'),
(220,'bbb',34,'2023-11-13 03:10'),
(221,'ccc',28,'2023-11-13 03:13'),
(222,'ccc',25,'2023-11-13 03:13'),
(223,'ccc',35,'2023-11-13 03:14'),
(224,'ccc',37,'2023-11-13 03:14'),
(225,'sungjune0915',29,'2023-11-13 03:18'),
(226,'sungjune0915',30,'2023-11-13 03:25'),
(227,'kim',57,'2023-11-13 03:49'),
(228,'kim',61,'2023-11-13 03:50'),
(234,'grace0513',76,'2023-11-13 05:04'),
(235,'megummy',28,'2023-11-13 05:33'),
(237,'seoha',44,'2023-11-13 05:47');
/*!40000 ALTER TABLE `like_board` ENABLE KEYS */;
UNLOCK TABLES;

--
-- Table structure for table `like_review`
--

DROP TABLE IF EXISTS `like_review`;
/*!40101 SET @saved_cs_client     = @@character_set_client */;
/*!40101 SET character_set_client = utf8 */;
CREATE TABLE `like_review` (
  `num` int(11) NOT NULL AUTO_INCREMENT,
  `userid` varchar(15) DEFAULT NULL,
  `renum` int(11) DEFAULT NULL,
  `like_id` varchar(15) DEFAULT NULL,
  PRIMARY KEY (`num`),
  KEY `FK_like_review_review_2` (`renum`),
  KEY `FK_like_review_member` (`like_id`),
  KEY `FK_like_review_member_2` (`userid`),
  CONSTRAINT `FK_like_review_member` FOREIGN KEY (`like_id`) REFERENCES `member` (`id`) ON DELETE CASCADE ON UPDATE CASCADE,
  CONSTRAINT `FK_like_review_member_2` FOREIGN KEY (`userid`) REFERENCES `member` (`id`) ON DELETE CASCADE ON UPDATE CASCADE,
  CONSTRAINT `FK_like_review_review_2` FOREIGN KEY (`renum`) REFERENCES `review` (`num`) ON DELETE CASCADE ON UPDATE CASCADE
) ENGINE=InnoDB AUTO_INCREMENT=85 DEFAULT CHARSET=utf8mb4 COLLATE=utf8mb4_general_ci;
/*!40101 SET character_set_client = @saved_cs_client */;

--
-- Dumping data for table `like_review`
--

LOCK TABLES `like_review` WRITE;
/*!40000 ALTER TABLE `like_review` DISABLE KEYS */;
INSERT INTO `like_review` VALUES
(45,'aaa',68,'admin'),
(46,'aaa',31,'admin'),
(47,'aaa',66,'admin'),
(48,'aaa',65,'admin'),
(57,'admin',70,'aaa'),
(58,'admin',65,'admin'),
(59,'admin',72,'sungjune0915'),
(61,'aaa',86,'sungjune0915'),
(76,'admin',91,'sungjune0915'),
(77,'admin',88,'sungjune0915'),
(78,'sungjune0915',86,'sungjune0915'),
(79,'admin',86,'sungjune0915'),
(83,'sungjune0915',84,'sungjune0915'),
(84,'aaa',32,'admin');
/*!40000 ALTER TABLE `like_review` ENABLE KEYS */;
UNLOCK TABLES;

--
-- Table structure for table `member`
--

DROP TABLE IF EXISTS `member`;
/*!40101 SET @saved_cs_client     = @@character_set_client */;
/*!40101 SET character_set_client = utf8 */;
CREATE TABLE `member` (
  `num` int(11) NOT NULL AUTO_INCREMENT,
  `id` varchar(15) NOT NULL,
  `pass` varchar(15) NOT NULL,
  `name` varchar(20) NOT NULL,
  `email` varchar(80) DEFAULT NULL,
  `regist_day` varchar(20) DEFAULT NULL,
  `level` int(11) DEFAULT NULL,
  `phnum` varchar(50) DEFAULT NULL,
  `birth` varchar(50) DEFAULT NULL,
  `gender` varchar(50) DEFAULT NULL,
  PRIMARY KEY (`num`),
  UNIQUE KEY `id` (`id`)
) ENGINE=InnoDB AUTO_INCREMENT=25 DEFAULT CHARSET=utf8mb4 COLLATE=utf8mb4_general_ci;
/*!40101 SET character_set_client = @saved_cs_client */;

--
-- Dumping data for table `member`
--

LOCK TABLES `member` WRITE;
/*!40000 ALTER TABLE `member` DISABLE KEYS */;
INSERT INTO `member` VALUES
(1,'aaa','12345','성준','sdfs@gmail.com','2023-04-04 16:16',8,'01012341234','19981020','M'),
(2,'sh','1234','승헌','sh@naver.com','2023-04-05 13:48',9,'0','19950913','M'),
(3,'admin','12345','관리자','admin@naver.com','2023-04-08 08:42',0,'01245','19641215','F'),
(4,'sungjune0915','kse1912','김성준','sungjune0915@gmail.com','2023-04-08 15:55',7,'0','19930820','M'),
(8,'asdf','1234','태식이','sdfjl@gmail.com','2023-04-12 12:08',9,'01020263043','19780530','F'),
(9,'qwrtw','1234','준','dfas@dfwef','2023-04-18 14:42',9,'12341234','20000215','F'),
(10,'qwer','1234','김성준','sungjune0915@gmail.com','2023-04-25 14:15',9,'01020263043','20020404','F'),
(11,'qazz','12345','qwer','sdf','2023-04-25 14:27',9,'2345','19970315','M'),
(13,'523531','1234','ewegew','sdfg','2023-04-25 14:45',9,'34512323','19980915','M'),
(14,'qwer1234','qwer1234','홍길동','hgd@naver.com','2023-06-07 13:20',9,'01011111111','19730503','M'),
(15,'weqwfa','1234','김성준','sdgds@gmail.com','2023-11-12 12:25',9,'01011111111','19900313','M'),
(16,'bbb','1234','윤유진','ㅠㅠㅠ','2023-11-13 03:08',9,'12345','1999011','M'),
(17,'ccc','1234','조재석','sefd','2023-11-13 03:11',9,'1234','19980925','M'),
(18,'yusi4781','ahddltkfkdgo8','신유승','yusi4781','2023-11-13 03:27',9,'010-1234-1234','2000076','F'),
(19,'kim','1234','김혜원','dsfkjh@naver.com','2023-11-13 03:47',9,'01029376625','19990330','F'),
(20,'dooza1110','forestz01!!','임지윤','wldbs1110@naver.com','2023-11-13 04:26',9,'01068505711','20011110','F'),
(21,'grace0513','grace0513','김은영','gracekim0513','2023-11-13 04:28',9,'01012345678','20000513','F'),
(22,'megummy','0000','아네고','cys10902@naver.com','2023-11-13 05:32',9,'01030344126','19991105','F'),
(23,'seoha','0215','김서하','sdf','2023-11-13 05:47',9,'01023567898','20000215','F'),
(24,'lcss0406','1234','윤서','ㅇㄴㄴ','2023-11-13 06:25',9,'sd','2003046','F');
/*!40000 ALTER TABLE `member` ENABLE KEYS */;
UNLOCK TABLES;

--
-- Table structure for table `review`
--

DROP TABLE IF EXISTS `review`;
/*!40101 SET @saved_cs_client     = @@character_set_client */;
/*!40101 SET character_set_client = utf8 */;
CREATE TABLE `review` (
  `num` int(11) NOT NULL AUTO_INCREMENT,
  `id` int(11) DEFAULT NULL,
  `userid` varchar(15) DEFAULT NULL,
  `name` varchar(20) DEFAULT NULL,
  `story` text DEFAULT NULL,
  `redate` datetime DEFAULT NULL,
  `star_rate` float DEFAULT NULL,
  PRIMARY KEY (`num`),
  KEY `FK_review_food` (`id`),
  KEY `FK_review_member` (`userid`),
  CONSTRAINT `FK_review_food` FOREIGN KEY (`id`) REFERENCES `food` (`num`) ON DELETE CASCADE ON UPDATE CASCADE,
  CONSTRAINT `FK_review_member` FOREIGN KEY (`userid`) REFERENCES `member` (`id`) ON DELETE CASCADE ON UPDATE CASCADE
) ENGINE=InnoDB AUTO_INCREMENT=153 DEFAULT CHARSET=utf8mb4 COLLATE=utf8mb4_general_ci;
/*!40101 SET character_set_client = @saved_cs_client */;

--
-- Dumping data for table `review`
--

LOCK TABLES `review` WRITE;
/*!40000 ALTER TABLE `review` DISABLE KEYS */;
INSERT INTO `review` VALUES
(31,4,'admin','관리자','4444','2023-04-30 09:59:00',5),
(32,4,'admin','관리자','333','2023-04-30 10:05:00',5),
(33,4,'admin','관리자','333','2023-04-30 10:06:00',4.5),
(34,4,'admin','관리자','11','2023-04-30 10:10:00',4.5),
(35,4,'admin','관리자','333','2023-04-30 10:11:00',4),
(60,4,'admin','관리자','ㅎㅎ','2023-05-14 15:33:00',3.5),
(62,4,'aaa','성준','이게되네 ㅋㅋㅋㅋㅋㅋㅋㅋ','2023-11-25 08:04:00',3),
(63,5,'admin','관리자','qq','2023-05-15 14:09:00',4.5),
(64,20,'admin','관리자','ㅃ','2023-05-15 14:24:00',4),
(65,10,'admin','관리자','헤헤','2023-05-15 14:33:00',4.5),
(66,7,'admin','관리자','ㅎㅈ','2023-05-15 15:13:00',5),
(67,21,'admin','관리자','ㄹㅇㅋㅋ','2023-05-15 15:31:00',5),
(68,22,'admin','관리자','ㅁㅁㄹ','2023-05-15 15:42:00',4.5),
(69,23,'admin','관리자','ㅂㅂ','2023-05-18 10:22:00',3),
(70,23,'aaa','성준','ㅈㅂㄷㄱ','2023-11-13 05:52:00',4),
(71,22,'aaa','성준','흠~','2023-11-18 07:29:00',4),
(72,7,'sungjune0915','김성준','ㅂㅂ','2023-05-21 14:02:00',1.5),
(73,7,'sungjune0915','김성준','어쩔','2023-05-21 14:05:00',2.5),
(74,7,'admin','관리자','ㄹㄹ','2023-05-22 09:40:00',3),
(75,7,'admin','관리자','ㅃ','2023-05-22 09:40:00',4),
(77,7,'admin','관리자','qwee','2023-05-22 10:26:00',3.5),
(78,7,'admin','관리자','qwe','2023-06-02 08:08:00',3.5),
(79,7,'admin','관리자','dfas','2023-06-02 08:09:00',4),
(83,10,'admin','관리자','대박 짱 맛있어요','2023-06-02 08:19:00',4.5),
(84,10,'sungjune0915','김성준','dsfsd','2023-06-02 09:31:00',2.5),
(85,7,'sungjune0915','김성준','ㅇㅇㅇ','2023-06-03 12:02:00',3.5),
(86,5,'sungjune0915','김성준','와...','2023-06-03 12:06:00',3.5),
(88,5,'sungjune0915','김성준','ㄴㅇㅎㅁㄶㅁ','2023-06-03 12:10:00',5),
(89,5,'sungjune0915','김성준','ㅇㄴㄹ','2023-06-03 12:13:00',3.5),
(91,5,'sungjune0915','김성준','ㅇㄶㄴㅁㅇㅎ','2023-06-03 12:20:00',3.5),
(101,7,'sungjune0915','김성준','ㅇㄴㄻㅇ','2023-06-04 15:38:00',1.5),
(102,7,'sungjune0915','김성준','ㅇㄴ','2023-06-04 15:39:00',3),
(104,7,'sungjune0915','김성준','ㄴㅇㅎㅁㅇㄴ','2023-06-04 15:41:00',3.5),
(105,7,'sungjune0915','김성준','','2023-06-04 15:48:00',3),
(110,7,'admin','관리자','dsfa','2023-06-05 09:22:00',3.5),
(111,7,'admin','관리자','','2023-06-05 09:22:00',0),
(112,10,'admin','관리자','ㄴㅇㅁㅀ','2023-06-05 09:35:00',4.5),
(113,5,'admin','관리자','ㄴㅇㅎㅁㄶ','2023-06-05 10:55:00',1.5),
(114,4,'aaa','성준','ㄴㅇㄹㅇㄹㄴㅇㄹㅇㄴ','2023-11-10 13:37:00',2),
(116,4,'aaa','성준','ㅇㄹ','2023-11-08 14:36:00',2),
(117,4,'aaa','성준','ㅇㄴㄹㅇ','2023-11-08 14:36:00',3.5),
(118,4,'aaa','성준','ㅕㅗㅕ','2023-11-10 15:06:00',4),
(119,10,'aaa','성준','ㄴㅇㄹㄴㅇㅁ','2023-11-09 12:01:00',3.5),
(121,60,'aaa','성준','최고에요','2023-11-18 07:29:00',4),
(125,28,'bbb','윤유진','굿','2023-11-13 03:09:00',5),
(126,28,'bbb','윤유진','ㄴㅇㅀㅇㅎ','2023-11-13 03:10:00',4),
(127,34,'bbb','윤유진','굿','2023-11-13 03:10:00',5),
(128,28,'ccc','조재석','너무 맛있어요','2023-11-13 03:13:00',5),
(129,25,'ccc','조재석','맛있는데 가격이 좀 나가요','2023-11-13 03:14:00',4.5),
(130,35,'ccc','조재석','양이 많음. 맛있음','2023-11-13 03:14:00',5),
(131,37,'ccc','조재석','굿','2023-11-13 03:14:00',5),
(132,26,'ccc','조재석','가격이 좀 비싸요','2023-11-13 03:15:00',3.5),
(133,29,'sungjune0915','김성준','개비쌈 ㅋ','2023-11-13 03:18:00',3.5),
(134,30,'sungjune0915','김성준','ㅋㅋ 나이스~','2023-11-13 03:26:00',3.5),
(135,45,'yusi4781','신유승','맛없음','2023-11-13 03:28:00',0.5),
(136,57,'kim','김혜원','카레맛집 짱','2023-11-13 03:50:00',4.5),
(137,61,'kim','김혜원','매워요','2023-11-13 03:51:00',3),
(138,50,'kim','김혜원','맛있엉','2023-11-13 03:52:00',5),
(139,7,'dooza1110','임지윤','고기가 많네요 맛있어요\r\n','2023-11-13 04:27:00',5),
(140,76,'grace0513','김은영','철산 맛집 18 조재석 추천','2023-11-13 05:04:00',0),
(141,28,'megummy','아네고','눈물나게 맛좋아요','2023-11-13 05:43:00',3.5),
(142,28,'megummy','아네고','ㅁㅇㄹㄴㅁ','2023-11-13 05:34:00',3),
(143,28,'megummy','아네고','ㄴㅊ','2023-11-13 05:36:00',4),
(144,4,'megummy','아네고','ㅇㄴㄻㄴㅇ','2023-11-13 05:37:00',3.5),
(145,4,'megummy','아네고','ㄴㅇㄹ','2023-11-13 05:37:00',3),
(146,44,'seoha','김서하','맛있네요','2023-11-13 05:50:00',3.5),
(147,57,'lcss0406','윤서','여기 반반카레 존맛. 시금치에 기본으로 꼭 드시길바람','2023-11-13 06:26:00',4.5),
(148,4,'lcss0406','윤서','가격은 착하지만 맛도 있지만 그냥 뭔가 별 2.5개 인듯','2023-11-13 06:47:00',2.5),
(149,44,'lcss0406','윤서','맛있던데 내가 피자를 별로 안좋아해서 3.5 드리겟음','2023-11-13 06:48:00',3.5),
(150,29,'lcss0406','윤서','아 여기 라멘 개맛이씀 !!!!','2023-11-13 06:48:00',5),
(151,28,'aaa','성준','정말맛있어요~','2023-11-22 10:39:00',4),
(152,65,'aaa','성준','젠장 너무 맛있어 ㅋㅋ\r\n','2023-11-25 08:23:00',3.5);
/*!40000 ALTER TABLE `review` ENABLE KEYS */;
UNLOCK TABLES;

--
-- Table structure for table `searchhistory`
--

DROP TABLE IF EXISTS `searchhistory`;
/*!40101 SET @saved_cs_client     = @@character_set_client */;
/*!40101 SET character_set_client = utf8 */;
CREATE TABLE `searchhistory` (
  `num` int(11) NOT NULL AUTO_INCREMENT,
  `userid` varchar(255) NOT NULL,
  `searchKeyword` varchar(255) NOT NULL,
  `searchDate` timestamp NULL DEFAULT current_timestamp(),
  PRIMARY KEY (`num`) USING BTREE
) ENGINE=InnoDB AUTO_INCREMENT=43 DEFAULT CHARSET=utf8mb4 COLLATE=utf8mb4_general_ci;
/*!40101 SET character_set_client = @saved_cs_client */;

--
-- Dumping data for table `searchhistory`
--

LOCK TABLES `searchhistory` WRITE;
/*!40000 ALTER TABLE `searchhistory` DISABLE KEYS */;
INSERT INTO `searchhistory` VALUES
(2,'aaa','메밀레','2023-11-21 07:34:33'),
(3,'aaa','맥도날드','2023-11-21 07:35:11'),
(32,'aaa','얌샘','2023-11-22 08:52:13'),
(34,'aaa','짱닭','2023-11-22 08:54:13'),
(42,'aaa','석기정','2023-11-25 07:23:38');
/*!40000 ALTER TABLE `searchhistory` ENABLE KEYS */;
UNLOCK TABLES;
/*!40103 SET TIME_ZONE=@OLD_TIME_ZONE */;

/*!40101 SET SQL_MODE=@OLD_SQL_MODE */;
/*!40014 SET FOREIGN_KEY_CHECKS=@OLD_FOREIGN_KEY_CHECKS */;
/*!40014 SET UNIQUE_CHECKS=@OLD_UNIQUE_CHECKS */;
/*!40101 SET CHARACTER_SET_CLIENT=@OLD_CHARACTER_SET_CLIENT */;
/*!40101 SET CHARACTER_SET_RESULTS=@OLD_CHARACTER_SET_RESULTS */;
/*!40101 SET COLLATION_CONNECTION=@OLD_COLLATION_CONNECTION */;
/*!40111 SET SQL_NOTES=@OLD_SQL_NOTES */;

-- Dump completed on 2023-11-25 17:36:07
